United States,https://cdn.countryflags.com/thumbs/united-states-of-america/flag-square-250.png
Mexico,https://cdn.countryflags.com/thumbs/mexico/flag-square-250.png
Canada,https://cdn.countryflags.com/thumbs/canada/flag-square-250.png
Guatemala,https://cdn.countryflags.com/thumbs/guatemala/flag-square-250.png
Cuba,https://cdn.countryflags.com/thumbs/cuba/flag-square-250.png
Haiti,https://cdn.countryflags.com/thumbs/haiti/flag-square-250.png
Honduras,https://cdn.countryflags.com/thumbs/honduras/flag-square-250.png
El Salvador,https://cdn.countryflags.com/thumbs/el-salvador/flag-square-250.png
Nicaragua,https://cdn.countryflags.com/thumbs/nicaragua/flag-square-250.png
Costa Rica,https://cdn.countryflags.com/thumbs/costa-rica/flag-square-250.png
Puerto Rico,https://cdn.countryflags.com/thumbs/puerto-rico/flag-square-250.png
Jamaica,https://cdn.countryflags.com/thumbs/jamaica/flag-square-250.png
Guadeloupe,https://cdn.countryflags.com/thumbs/guadeloupe/flag-square-250.png
Belize,https://cdn.countryflags.com/thumbs/belize/flag-square-250.png
Bahamas,https://cdn.countryflags.com/thumbs/bahamas/flag-square-250.png
Barbados,https://cdn.countryflags.com/thumbs/barbados/flag-square-250.png
Cura√ßao,https://cdn.countryflags.com/thumbs/curacao/flag-square-250.png
Aruba,https://cdn.countryflags.com/thumbs/aruba/flag-square-250.png
Grenada,https://cdn.countryflags.com/thumbs/grenada/flag-square-250.png
Antigua and Barbuda,https://cdn.countryflags.com/thumbs/antigua-and-barbuda/flag-square-250.png
Dominica,https://cdn.countryflags.com/thumbs/dominica/flag-square-250.png
Greenland,https://cdn.countryflags.com/thumbs/greenland/flag-square-250.png
Saint Kitts and Nevis,https://cdn.countryflags.com/thumbs/saint-kitts-and-nevis/flag-square-250.png
St. Martin,https://cdn.countryflags.com/thumbs/st-martin/flag-square-250.png
Bonaire,https://cdn.countryflags.com/thumbs/bonaire/flag-square-250.png
St. Eustatius,https://cdn.countryflags.com/thumbs/st-eustatius/flag-square-250.png
Saba,https://cdn.countryflags.com/thumbs/saba/flag-square-250.png
Brazil,https://cdn.countryflags.com/thumbs/brazil/flag-square-250.png
Colombia,https://cdn.countryflags.com/thumbs/colombia/flag-square-250.png
Argentina,https://cdn.countryflags.com/thumbs/argentina/flag-square-250.png
Venezuela,https://cdn.countryflags.com/thumbs/venezuela/flag-square-250.png
Peru,https://cdn.countryflags.com/thumbs/peru/flag-square-250.png
Chile,https://cdn.countryflags.com/thumbs/chile/flag-square-250.png
Ecuador,https://cdn.countryflags.com/thumbs/ecuador/flag-square-250.png
Bolivia,https://cdn.countryflags.com/thumbs/bolivia/flag-square-250.png
Dominican Republic,https://cdn.countryflags.com/thumbs/dominican-republic/flag-square-250.png
Paraguay,https://cdn.countryflags.com/thumbs/paraguay/flag-square-250.png
Panama,https://cdn.countryflags.com/thumbs/panama/flag-square-250.png
Uruguay,https://cdn.countryflags.com/thumbs/uruguay/flag-square-250.png
Trinidad and Tobago,https://cdn.countryflags.com/thumbs/trinidad-and-tobago/flag-square-250.png
Guyana,https://cdn.countryflags.com/thumbs/guyana/flag-square-250.png
Suriname,https://cdn.countryflags.com/thumbs/suriname/flag-square-250.png
Saint Lucia,https://cdn.countryflags.com/thumbs/saint-lucia/flag-square-250.png
Saint Vincent and the Grenadines,https://cdn.countryflags.com/thumbs/saint-vincent-and-the-grenadines/flag-square-250.png
