Hinata Hyuga,https://rei.animecharactersdatabase.com/uploads/thumbs/1245-1491232856.jpg
Itachi Uchiha,https://rei.animecharactersdatabase.com/images/naruto/Iatachi_Uchiha_thumb.jpg
Kakashi Hatake,https://rei.animecharactersdatabase.com/images/naruto/Kakashi_Hayate_thumb.jpg
Gaara,https://rei.animecharactersdatabase.com/images/naruto/Gaara_thumb.jpg
Naruto Uzumaki,https://rei.animecharactersdatabase.com/uploads/chars/thumbs/200/5688-1946301974.jpg
Tsunade,https://rei.animecharactersdatabase.com/images/naruto/Tsunade_thumb.jpg
Sakura Haruno,https://rei.animecharactersdatabase.com/uploads/chars/thumbs/200/20614-774821466.jpg
Sasuke Uchiha,https://rei.animecharactersdatabase.com/uploads/thumbs/1202-2021006952.jpg
Konan,https://rei.animecharactersdatabase.com/uploads/chars/thumbs/200/5688-110539670.jpg
Minato Namikaze,https://rei.animecharactersdatabase.com/uploads/chars/thumbs/200/5688-141960476.jpg
Temari,https://rei.animecharactersdatabase.com/uploads/chars/thumbs/200/5688-1926252714.jpg
Anko Mitarashi,https://rei.animecharactersdatabase.com/images/naruto/Anko_Mitarashi_thumb.jpg
Deidara,https://rei.animecharactersdatabase.com/uploads/thumbs/674088421.jpg
Shikamaru Nara,https://rei.animecharactersdatabase.com/uploads/chars/thumbs/200/5688-1826125382.jpg
Kushina Uzumaki,https://rei.animecharactersdatabase.com/uploads/chars/thumbs/200/10983-1007714949.jpg
Kurenai Yuhi,https://rei.animecharactersdatabase.com/images/naruto/Kurenai_thumb.jpg
Neji Hyuga,https://rei.animecharactersdatabase.com/uploads/chars/thumbs/200/12602-1229887650.jpg
Sasori,https://rei.animecharactersdatabase.com/uploads/chars/thumbs/200/5688-1849724503.jpg
Kiba Inuzuka,https://rei.animecharactersdatabase.com/uploads/chars/thumbs/200/5688-2124545423.jpg
Jiraiya,https://rei.animecharactersdatabase.com/images/naruto/Jiraiya_thumb.jpg
Mei Terumi,https://rei.animecharactersdatabase.com/img/filtered.png
Shizune,https://rei.animecharactersdatabase.com/uploads/chars/thumbs/200/5688-1080977744.jpg
Karin Uzumaki,https://rei.animecharactersdatabase.com/uploads/thumbs/3576-566326075.jpg
Madara Uchiha,https://rei.animecharactersdatabase.com/uploads/thumbs/3576-1369381637.jpg
TenTen,https://rei.animecharactersdatabase.com/uploads/chars/thumbs/200/5688-1116544100.jpg
Orochimaru,https://rei.animecharactersdatabase.com/uploads/chars/thumbs/200/5688-101606445.jpg
Rock Lee,https://rei.animecharactersdatabase.com/images/naruto/Child_Rock_Lee_thumb.jpg
Suigetsu Houzuki,https://rei.animecharactersdatabase.com/uploads/thumbs/3576-1626597304.jpg
Pein,https://rei.animecharactersdatabase.com/uploads/thumbs/3576-436162280.jpg
Tobi,https://rei.animecharactersdatabase.com/uploads/chars/thumbs/200/12602-635813231.jpg
Kisame Hoshigaki,https://rei.animecharactersdatabase.com/images/naruto/Kisame_Hoshigaki_thumb.jpg
Sai,https://rei.animecharactersdatabase.com/uploads/chars/thumbs/200/5688-836918503.jpg
Nagato Uzumaki ,https://rei.animecharactersdatabase.com/uploads/chars/thumbs/200/5688-1180925658.jpg
Hidan,https://rei.animecharactersdatabase.com/uploads/thumbs/1257641622.jpg
Mikoto Uchiha,https://rei.animecharactersdatabase.com/uploads/chars/thumbs/200/5688-1557446360.jpg
Samui,https://rei.animecharactersdatabase.com/uploads/chars/thumbs/200/3237-1819328459.jpg
Tobirama Senju,https://rei.animecharactersdatabase.com/uploads/chars/thumbs/200/5688-162730212.jpg
Shino Aburame,https://rei.animecharactersdatabase.com/uploads/chars/thumbs/200/5688-350301373.jpg
Konohamaru Sarutobi,https://rei.animecharactersdatabase.com/uploads/chars/thumbs/200/5688-1433682299.jpg
Kankurou,https://rei.animecharactersdatabase.com/uploads/chars/thumbs/200/5688-401564373.jpg
Might Guy,https://rei.animecharactersdatabase.com/images/naruto/Guy_thumb.jpg
Yamato,https://rei.animecharactersdatabase.com/uploads/thumbs/3576-896944130.jpg
Hanabi Hyuga,https://rei.animecharactersdatabase.com/uploads/chars/thumbs/200/5688-1949995319.jpg
Iruka Umino,https://rei.animecharactersdatabase.com/images/naruto/Iruka_Sensei_thumb.jpg
Hashirama Senju,https://rei.animecharactersdatabase.com/uploads/chars/thumbs/200/5688-1235575980.jpg
Obito Uchiha,https://rei.animecharactersdatabase.com/uploads/chars/thumbs/200/2554-1391625934.jpg
Kabuto Yakushi,https://rei.animecharactersdatabase.com/uploads/chars/thumbs/200/5688-2076131217.jpg
Tsunade (young),https://rei.animecharactersdatabase.com/images/naruto/Young_Tsunade_thumb.jpg
Guren,https://rei.animecharactersdatabase.com/uploads/chars/thumbs/200/5688-1431231129.jpg
Killer Bee,https://rei.animecharactersdatabase.com/uploads/thumbs/3576-57109170.jpg
Rin Nohara,https://rei.animecharactersdatabase.com/uploads/chars/thumbs/200/12602-1165598645.jpg
Jiraiya (young),https://rei.animecharactersdatabase.com/images/naruto/Young_Jiraiya_thumb.jpg
Hiruzen Sarutobi,https://rei.animecharactersdatabase.com/images/naruto/Third_Hokage_thumb.jpg
Kakuzu,https://rei.animecharactersdatabase.com/uploads/thumbs/26805966.jpg
Yugito Nii,https://rei.animecharactersdatabase.com/uploads/chars/thumbs/200/12602-1985882301.jpg
Ayame,https://rei.animecharactersdatabase.com/uploads/chars/thumbs/200/5092-1725247394.jpg
Fuu,https://rei.animecharactersdatabase.com/uploads/chars/thumbs/200/12098-650681844.jpg
Izuna Uchiha,https://rei.animecharactersdatabase.com/uploads/chars/thumbs/200/5688-877803117.jpg
A,https://rei.animecharactersdatabase.com/uploads/chars/thumbs/200/5688-956770751.jpg
Choji Akimichi,https://rei.animecharactersdatabase.com/images/naruto/Child_Chouji_Akimichi_thumb.jpg
Yahiko,https://rei.animecharactersdatabase.com/uploads/thumbs/3576-539046434.jpg
Karui,https://rei.animecharactersdatabase.com/uploads/chars/thumbs/200/5688-1773839932.jpg
Kurotsuchi,https://rei.animecharactersdatabase.com/uploads/chars/thumbs/200/2554-657787224.jpg
Juugo,https://rei.animecharactersdatabase.com/uploads/chars/thumbs/200/5688-251049654.jpg
Kimimaro,https://rei.animecharactersdatabase.com/uploads/chars/thumbs/200/5688-2134991050.jpg
Zetsu,https://rei.animecharactersdatabase.com/uploads/thumbs/1450391238.jpg
Hotaru,https://rei.animecharactersdatabase.com/uploads/chars/thumbs/200/12098-772659073.jpg
Ino Yamanaka,https://rei.animecharactersdatabase.com/uploads/chars/thumbs/200/40596-704993054.jpg
Pakura,https://rei.animecharactersdatabase.com/uploads/chars/thumbs/200/12098-2130034272.jpg
Fugaku Uchiha,https://rei.animecharactersdatabase.com/uploads/thumbs/3576-1582204295.jpg
Fuka,https://rei.animecharactersdatabase.com/uploads/chars/thumbs/200/12098-1647614963.jpg
Izumo Kamizuki,https://rei.animecharactersdatabase.com/uploads/chars/thumbs/200/5688-2120243763.jpg
Omoi,https://rei.animecharactersdatabase.com/uploads/chars/thumbs/200/5688-2090153510.jpg
C,https://rei.animecharactersdatabase.com/uploads/chars/thumbs/200/2554-2056117327.jpg
Ibiki Morino,https://rei.animecharactersdatabase.com/images/naruto/Ibiki_Morino_thumb.jpg
Darui,https://rei.animecharactersdatabase.com/uploads/chars/thumbs/200/12602-264992645.jpg
Maki,https://rei.animecharactersdatabase.com/uploads/chars/thumbs/200/5688-1613908746.jpg
Onoki,https://rei.animecharactersdatabase.com/uploads/chars/thumbs/200/2554-1383404674.jpg
Hiruzen Sarutobi,https://rei.animecharactersdatabase.com/images/naruto/Young_Third_Hokage_thumb.jpg
Mangetsu Houzuki,https://rei.animecharactersdatabase.com/uploads/chars/thumbs/200/12602-1852774867.jpg
Matsuri,https://rei.animecharactersdatabase.com/uploads/chars/thumbs/200/2554-767867313.jpg
Sari,https://rei.animecharactersdatabase.com/uploads/chars/thumbs/200/2554-1165472528.jpg
Utakata,https://rei.animecharactersdatabase.com/uploads/chars/thumbs/200/5688-2098110898.jpg
Akatsuchi,https://rei.animecharactersdatabase.com/uploads/chars/thumbs/200/5688-1439367280.jpg
Ameyuri Ringo,https://rei.animecharactersdatabase.com/uploads/chars/thumbs/200/5688-361426628.jpg
Genma Shiranui,https://rei.animecharactersdatabase.com/uploads/chars/thumbs/200/5688-1275955190.jpg
Yukimaru,https://rei.animecharactersdatabase.com/uploads/chars/thumbs/200/5688-1639881687.jpg
Hiruko,https://rei.animecharactersdatabase.com/uploads/chars/thumbs/200/2554-1588088504.jpg
Hanare,https://rei.animecharactersdatabase.com/uploads/chars/thumbs/200/4758-907638983.jpg
Chojuro,https://rei.animecharactersdatabase.com/uploads/chars/thumbs/200/2554-1863854399.jpg
Jinin Akebino,https://rei.animecharactersdatabase.com/uploads/chars/thumbs/200/5688-385892419.jpg
Shiho,https://rei.animecharactersdatabase.com/uploads/chars/thumbs/200/12098-1679013587.jpg
Hayate Gekkou,https://rei.animecharactersdatabase.com/images/naruto/Hayate_Gekkou_thumb.jpg
Shisui Uchiha,https://rei.animecharactersdatabase.com/uploads/chars/thumbs/200/5688-1189231070.jpg
Shin,https://rei.animecharactersdatabase.com/uploads/chars/thumbs/200/5688-1810262073.jpg
Bansai,https://rei.animecharactersdatabase.com/uploads/chars/thumbs/200/5092-1270975326.jpg
Chouza Akimichi,https://rei.animecharactersdatabase.com/uploads/chars/thumbs/200/5092-1662965505.jpg
Mito Uzumaki,https://rei.animecharactersdatabase.com/uploads/chars/thumbs/200/23483-852910353.jpg
Moegi,https://rei.animecharactersdatabase.com/uploads/chars/thumbs/200/5688-1336709798.jpg
Mabui,https://rei.animecharactersdatabase.com/uploads/chars/thumbs/200/38345-1193289321.jpg
Shibi Aburame,https://rei.animecharactersdatabase.com/uploads/chars/thumbs/200/5092-379131281.jpg
Tokuma Hyuga,https://rei.animecharactersdatabase.com/uploads/chars/thumbs/200/12098-68278633.jpg
Teuchi,https://rei.animecharactersdatabase.com/uploads/chars/thumbs/200/5688-1469535310.jpg
Udon,https://rei.animecharactersdatabase.com/uploads/chars/thumbs/200/5688-1103670679.jpg
Ao,https://rei.animecharactersdatabase.com/uploads/chars/thumbs/200/5092-1361368369.jpg
Hagoromo Otsutsuki,https://rei.animecharactersdatabase.com/uploads/chars/thumbs/200/17851-1405206417.jpg
Raido Namiashi,https://rei.animecharactersdatabase.com/uploads/chars/thumbs/200/5688-801233985.jpg
Muta Aburame,https://rei.animecharactersdatabase.com/uploads/chars/thumbs/200/5688-1472883969.jpg
Chiyo,https://rei.animecharactersdatabase.com/uploads/chars/thumbs/200/2554-360353279.jpg
Ebisu,https://rei.animecharactersdatabase.com/images/naruto/Ebisu_thumb.jpg
Gaara,https://rei.animecharactersdatabase.com/uploads/chars/thumbs/200/12602-384850136.jpg
Baki,https://rei.animecharactersdatabase.com/uploads/chars/thumbs/200/5092-599842482.jpg
Benten,https://rei.animecharactersdatabase.com/uploads/chars/thumbs/200/5092-9797682.jpg
Biwako Sarutobi,https://rei.animecharactersdatabase.com/uploads/chars/thumbs/200/5688-1114300870.jpg
Sora,https://rei.animecharactersdatabase.com/uploads/chars/thumbs/200/12098-1477319841.jpg
Ebizou,https://rei.animecharactersdatabase.com/uploads/chars/thumbs/200/2554-2095914406.jpg
Shizuka,https://rei.animecharactersdatabase.com/uploads/chars/thumbs/200/38345-439940634.jpg
Fuen,https://rei.animecharactersdatabase.com/uploads/chars/thumbs/200/38345-373407129.jpg
Homura Mitokado,https://rei.animecharactersdatabase.com/images/naruto/Homura_thumb.jpg
Indra Otsutsuki,https://rei.animecharactersdatabase.com/uploads/chars/thumbs/200/38345-1286057534.jpg
Kisuke Maboroshi,https://rei.animecharactersdatabase.com/uploads/chars/thumbs/200/5688-1497124011.jpg
Koharu Utatane,https://rei.animecharactersdatabase.com/uploads/chars/thumbs/200/5688-735307260.jpg
Matatabi (Two Tails),https://rei.animecharactersdatabase.com/uploads/chars/thumbs/200/38345-1909308455.jpg
Miru,https://rei.animecharactersdatabase.com/uploads/chars/thumbs/200/38345-548627702.jpg
Naori Uchiha,https://rei.animecharactersdatabase.com/uploads/chars/thumbs/200/38345-1189606957.jpg
Natsu Hyuga,https://rei.animecharactersdatabase.com/uploads/chars/thumbs/200/38345-1373369929.jpg
Ni,https://rei.animecharactersdatabase.com/uploads/chars/thumbs/200/39725-427627162.jpg
Suiren,https://rei.animecharactersdatabase.com/uploads/chars/thumbs/200/38345-281241306.jpg
Tazuna,https://rei.animecharactersdatabase.com/uploads/chars/thumbs/200/5688-581654004.jpg
Akane,https://rei.animecharactersdatabase.com/uploads/chars/thumbs/200/5092-1836793656.jpg
Amaru,https://rei.animecharactersdatabase.com/uploads/chars/thumbs/200/38345-1767079602.jpg
Choji Akimichi,https://rei.animecharactersdatabase.com/uploads/chars/thumbs/200/12602-1829144283.jpg
Danzo Shimura,https://rei.animecharactersdatabase.com/uploads/chars/thumbs/200/2554-796858795.jpg
Ginkaku,https://rei.animecharactersdatabase.com/uploads/chars/thumbs/200/38345-1214761700.jpg
Izumi Uchiha,https://rei.animecharactersdatabase.com/uploads/chars/thumbs/200/10199-736488997.jpg
Misumi Tsurugi,https://rei.animecharactersdatabase.com/uploads/chars/thumbs/200/5688-491648895.jpg
Sara,https://rei.animecharactersdatabase.com/uploads/chars/thumbs/200/47113-1450816414.jpg
Tamaki,https://rei.animecharactersdatabase.com/uploads/chars/thumbs/200/38345-2041678814.jpg
Temari,https://rei.animecharactersdatabase.com/uploads/chars/thumbs/200/12602-1366370043.jpg
Tokiwa,https://rei.animecharactersdatabase.com/uploads/chars/thumbs/200/38345-617445312.jpg
Yurika,https://rei.animecharactersdatabase.com/uploads/chars/thumbs/200/38345-1894381567.jpg
A (Third Raikage),https://rei.animecharactersdatabase.com/uploads/chars/thumbs/200/38345-116382265.jpg
Akaboshi,https://rei.animecharactersdatabase.com/uploads/chars/thumbs/200/5092-601445686.jpg
Ameno,https://rei.animecharactersdatabase.com/uploads/chars/thumbs/200/39725-1653473463.jpg
Asura Otsutsuki,https://rei.animecharactersdatabase.com/uploads/chars/thumbs/200/38345-1245451849.jpg
Baji,https://rei.animecharactersdatabase.com/uploads/chars/thumbs/200/5092-1800293716.jpg
Bisuke,https://rei.animecharactersdatabase.com/uploads/chars/thumbs/200/38345-159978287.jpg
Chiyo,https://rei.animecharactersdatabase.com/uploads/chars/thumbs/200/5688-455355079.jpg
Gengetsu Hozuki (Second Mizukage),https://rei.animecharactersdatabase.com/uploads/chars/thumbs/200/38345-1121851247.jpg
Guruko,https://rei.animecharactersdatabase.com/uploads/chars/thumbs/200/38345-1693744243.jpg
Hakui,https://rei.animecharactersdatabase.com/uploads/chars/thumbs/200/38345-495841129.jpg
Hamura Otsutsuki,https://rei.animecharactersdatabase.com/uploads/chars/thumbs/200/38345-1183254974.jpg
Han,https://rei.animecharactersdatabase.com/uploads/chars/thumbs/200/38345-820611285.jpg
Hikaku Uchiha,https://rei.animecharactersdatabase.com/uploads/chars/thumbs/200/5688-870908947.jpg
Hinoko,https://rei.animecharactersdatabase.com/uploads/chars/thumbs/200/38345-2054225587.jpg
Hisame,https://rei.animecharactersdatabase.com/uploads/chars/thumbs/200/39725-2093907179.jpg
Inabi Uchiha,https://rei.animecharactersdatabase.com/uploads/chars/thumbs/200/38345-300404056.jpg
Jinpachi Munashi,https://rei.animecharactersdatabase.com/uploads/chars/thumbs/200/38345-1884237267.jpg
Kagami Uchiha,https://rei.animecharactersdatabase.com/uploads/chars/thumbs/200/38345-2033284508.jpg
Kankuro,https://rei.animecharactersdatabase.com/uploads/chars/thumbs/200/12602-1794260370.jpg
Kinkaku,https://rei.animecharactersdatabase.com/uploads/chars/thumbs/200/38345-1416379687.jpg
Konohamaru Sarutobi,https://rei.animecharactersdatabase.com/uploads/chars/thumbs/200/12602-1255354472.jpg
Obito's Grandmother,https://rei.animecharactersdatabase.com/uploads/chars/thumbs/200/38345-1467226597.jpg
Rai Uchiha,https://rei.animecharactersdatabase.com/uploads/chars/thumbs/200/38345-1241161111.jpg
Ran,https://rei.animecharactersdatabase.com/uploads/chars/thumbs/200/39725-291515641.jpg
Ryuuzetsu,https://rei.animecharactersdatabase.com/uploads/chars/thumbs/200/38345-1733167171.jpg
Sabiru,https://rei.animecharactersdatabase.com/uploads/thumbs/1-1977999679.jpg
Sasori's Mother,https://rei.animecharactersdatabase.com/uploads/chars/thumbs/200/38345-1130538820.jpg
Setsuna Uchiha,https://rei.animecharactersdatabase.com/uploads/chars/thumbs/200/38345-1237494593.jpg
Suzume,https://rei.animecharactersdatabase.com/uploads/chars/thumbs/200/38345-1679818927.jpg
Taiko Uchiha,https://rei.animecharactersdatabase.com/uploads/chars/thumbs/200/38345-1628852494.jpg
Tajima Uchiha,https://rei.animecharactersdatabase.com/uploads/chars/thumbs/200/38345-1762301852.jpg
Tekka Uchiha,https://rei.animecharactersdatabase.com/uploads/chars/thumbs/200/38345-1890074132.jpg
Teyaki Uchiha,https://rei.animecharactersdatabase.com/uploads/chars/thumbs/200/38345-312288288.jpg
Tezuna,https://rei.animecharactersdatabase.com/uploads/chars/thumbs/200/38345-1359070576.jpg
Third Kazekage,https://rei.animecharactersdatabase.com/uploads/chars/thumbs/200/38345-808599206.jpg
Uruchi Uchiha,https://rei.animecharactersdatabase.com/uploads/chars/thumbs/200/38345-1764025920.jpg
Yashiro Uchiha,https://rei.animecharactersdatabase.com/uploads/chars/thumbs/200/38345-1249123420.jpg
Yura,https://rei.animecharactersdatabase.com/uploads/chars/thumbs/200/2554-126553053.jpg
